{
  "jsonrpc": "2.0",
  "method": "icx_sendTransaction",
  "params": {
    "version": "0x3",
    "from": "hx55814f724bbffe49bfa4555535cd9d7e0e1dff32",
    "value": "0x0",
    "stepLimit": "0x3000000",
    "timestamp": "0x59aaeb314a940",
    "nid": "0x3",
    "nonce": "0x1",
    "to": "cx58847a60657efdd875f03a74a5efd76f06f000de",
    "dataType": "call",
    "data": {
      "method": "relay",
      "params": {
        "_json_data_list": "[{\"symbol\":\"BTC\",\"rate\":100,\"resolve_time\":100,\"request_id\":1},{\"symbol\":\"ETH\",\"rate\":200,\"resolve_time\":200,\"request_id\":2},{\"symbol\":\"USDT\",\"rate\":300,\"resolve_time\":300,\"request_id\":3}]"
      }
    }
  },
  "id": 1
}
