{"accounts":[{"address":"hxb6b5791be0b5ef67063b3c10b840fb81514db2fd","balance":"0x2961fff8ca4a62327800000","name":"god"},{"address":"hx1000000000000000000000000000000000000000","balance":"0x0","name":"treasury"},{"address":"cx0000000000000000000000000000000000000001","name":"governance","score":{"contentId":"hash:0xa3811866aeaa02109fa7432970ddcf320e288daa8bca1db0a8ce8e1222ce64c3","contentType":"application/java","owner":"hxb6b5791be0b5ef67063b3c10b840fb81514db2fd"}}],"chain":{"blockInterval":"0x7d0","fee":{"stepCosts":{"apiCall":"0x2710","contractCall":"0x61a8","contractCreate":"0x3b9aca00","contractSet":"0x3a98","contractUpdate":"0x3b9aca00","default":"0x186a0","delete":"-0xf0","deleteBase":"0xc8","get":"0x19","getBase":"0xbb8","input":"0xc8","log":"0x64","logBase":"0x1388","schema":"0x1","set":"0x140","setBase":"0x2710"},"stepLimit":{"invoke":"0x9502f900","query":"0x2faf080"},"stepPrice":"0x2e90edd00"},"revision":"0x14","validatorList":["hxb6b5791be0b5ef67063b3c10b840fb81514db2fd"]},"message":"genesis for local node","nid":"0x3"}